{
  "architecture": "BiLSTM with Attention",
  "vocab_size": 10000,
  "embedding_dim": 256,
  "hidden_dim": 256,
  "num_layers": 2,
  "total_parameters": 5322244,
  "trainable_parameters": 5322244,
  "test_accuracy": 0.9810822089303102,
  "test_f1": 0.9811030776472187,
  "created": "2025-12-04T17:02:43.618291"
}